"Category","LocalPath","Exists","SizeBytes","SHA256","RepositoryPolicy","Notes"
"source-reference","C:\Users\1\Desktop\LCOS_外部源码素材包_20260908.zip","True","60476415","F51E5D190FBDD6D06439D348CB676761C6D474DEDB0DA737AFAA85DE515B9AF4","manifest-only","Local source; inspect license/ownership before redistribution."
"design-reference","C:\Users\1\Desktop\LCOS_动效库P3_20260908.zip","False","0","","manifest-only","Local source; inspect license/ownership before redistribution."
"design-reference","C:\Users\1\Desktop\LCOS_RC截图_老基线_archive_20260908.zip","True","2298404","8ADF5994378F8ECDAE33637B14FAEFF37590DCDB8CA5347949FBF245AEBB539F","manifest-only","Local source; inspect license/ownership before redistribution."
"source-reference","C:\Users\1\Desktop\LCOS_GUI轮子_github学习全件_20260908.zip","True","2545170","C1312274156BCED3F14C73B17BB7CEF3EB5D3520DB993C4D8A8F3AD03CE4CCA0","manifest-only","Local source; inspect license/ownership before redistribution."
"design-reference","C:\Users\1\Desktop\拆包前端截图_v2_20260908.zip","False","0","","manifest-only","Local source; inspect license/ownership before redistribution."
"prototype","C:\Users\1\Desktop\LCOS_20260901-20260908_HTML小样全集_20260908.zip","True","1916951","8B8D51BD4C2B4D7ACAB34C0ECCCA7B823CD81C4E587406325FF024266855F7D9","archived-if-owned","Local source; inspect license/ownership before redistribution."
"prototype","C:\Users\1\Desktop\T5_HTML_原型包_20260908.zip","False","0","","archived-if-owned","Local source; inspect license/ownership before redistribution."
"design-reference","C:\Users\1\Desktop\T2_T4_T6_to_T5_MD原件包_20260908.zip","True","174699","CA7BD10660DFB5A6BEE2BF64E2CF858A2FFA61D04783C710E5478041145103A3","archived-if-owned","Local source; inspect license/ownership before redistribution."
"motion-reference","C:\Users\1\Desktop\开源眩晕瘫坐GPT-6 Astra代码复刻莱茵生命PV_哔哩哔哩_bilibili.mp4","False","0","","manifest-only","Local source; inspect license/ownership before redistribution."
"motion-reference","D:\xwechat_files\wxid_af1dn2j2pvxa22_5dd8\msg\video\2026-09\ac60764a666a31d74f750ce9bb9e35b9.mp4","True","1165466","771C89A4E31F31F554DD86A0C547032325BE96F519519B197A9BFC43C5DE3BD0","manifest-only","Local source; inspect license/ownership before redistribution."
"motion-reference","D:\xwechat_files\wxid_af1dn2j2pvxa22_5dd8\msg\video\2026-09\6d968fd434860abf063346eb710a0e67.mp4","True","9217826","6203FBC135EDC23CF30A11C93FC55BEDE90A3ACC214344B99E4A17A25C2F614B","manifest-only","Local source; inspect license/ownership before redistribution."
"design-reference","C:\Users\1\Desktop\前端冲刺\LCOS_三视图交互合同_RhineDonor统一裁决_20260910.md","True","12234","B273FCA393AE35AAF8BCD3BC05B4CEC201B47C68D3FDD222DD373FE86F1557E7","manifest-only","Local source; inspect license/ownership before redistribution."
"prototype","C:\Users\1\Desktop\前端冲刺\LCOS_ContextAtlas_WorkflowHand_IntegratedPrototype_20260910.html","True","42627","CEA531613B350BA74E6C156D0C1D96898A9DC152381F580788E3419BC7CA9F0E","archived-if-owned","Local source; inspect license/ownership before redistribution."
"design-reference","C:\Users\1\Desktop\前端冲刺\LCOS_Gen2_功能控板_交接包_20260919.zip","True","12942","4DBD32B7A00B90C108F6C35C83B982878DF6F7D724120676F2922AB3E30EDA51","manifest-only","Local source; inspect license/ownership before redistribution."
"source-reference","C:\Users\1\Desktop\前端冲刺\LCOS_GEN2_新Patch子代理联合审计_20260922.md","True","6797","8CB7DE6CB55636FFF736D19E32DE1E561ED20A8E51917412A7B36CE9C0EB02D4","manifest-only","Local source; inspect license/ownership before redistribution."
"source-reference","C:\Users\1\Desktop\前端冲刺\LCOS_GEN2_Assembly_Figma_Donor_e22fafb.patch","True","151768","264A77726E1FCCA7E0FBBDB17FC341BB1E8D44AE737B5B39BE0079341CC01CB4","manifest-only","Local source; inspect license/ownership before redistribution."
"design-reference","C:\Users\1\Desktop\前端冲刺\LCOS_Gen2_BatchB_接口统一封口与下一轮总施工规划_20260917.md","True","27110","B1F0F3FB2E981E798B281D763A04A84CCCB98F0F4B1823585B53579118B904D0","manifest-only","Local source; inspect license/ownership before redistribution."
"source-reference","C:\Users\1\Desktop\前端冲刺\LCOS_Gen2_CollaborationFacade_V0_97841d6_FIXED.patch","True","7483","C0B53EA2263F85A3A8121D12934708DCF439F9EDECF3F128164876745867DD2B","manifest-only","Local source; inspect license/ownership before redistribution."
"design-reference","C:\Users\1\Desktop\前端冲刺\LCOS_Gen2_CollaborationFacade_V0_实验包_20260915.zip","True","8374","F663D543819A2A4543D2DDB1EAF392B2053A681627C36523CB1FD23CF3707790","manifest-only","Local source; inspect license/ownership before redistribution."
"design-reference","C:\Users\1\Desktop\前端冲刺\LCOS_Gen2_CollaborationRuntime_GlythUX_收敛总施工方案_V1_20260917.md","True","34321","676115513D2E5CDF9DAC789E68A1534213ACF657DF012D0F1D05E73B0FCA64A7","manifest-only","Local source; inspect license/ownership before redistribution."
"source-reference","C:\Users\1\Desktop\前端冲刺\LCOS_GEN2_Figma_Fidelity_Assembly_Shell_HUD_Workflow_Context_Composer_COMBINED_e22fafb_20260920.patch","True","183603","692EBFC27310776E00BBB5576912849732403E896713AD64FAB2BC6E6E59D661","manifest-only","Local source; inspect license/ownership before redistribution."
"design-reference","C:\Users\1\Desktop\前端冲刺\LCOS_GEN2_FigmaCode_S2_Audit_Evidence_20260914.zip","True","908368","70E36737E38992D403992DDEA94797BCFB80C153AEBE350D6E7679423411123F","manifest-only","Local source; inspect license/ownership before redistribution."
"source-reference","C:\Users\1\Desktop\前端冲刺\LCOS_GEN2_FigmaCode_S2_REBASED_20260914.patch","True","153658","67CE7350DF7D5CA9E00C6F5BF7B54083300A2EA69DB8A9F1950D975A87C43951","manifest-only","Local source; inspect license/ownership before redistribution."
"design-reference","C:\Users\1\Desktop\前端冲刺\LCOS_GEN2_FigmaCode_S2_through_S2c1_CumulativePack_20260914.zip","True","40498","D9D9D5B77E79D924CAD076D9CE63EB307799EBFD5F09BFE71D4C0EAA6797AE7C","manifest-only","Local source; inspect license/ownership before redistribution."
"design-reference","C:\Users\1\Desktop\前端冲刺\LCOS_GEN2_GUI_全量激进Donor更新总纲与SOP_V2_20260920.md","True","19899","F1560C91555B2898F22BF94634BFD2705E03D4B8D24327C2223265F81C77FA53","manifest-only","Local source; inspect license/ownership before redistribution."
"source-reference","C:\Users\1\Desktop\前端冲刺\LCOS_GEN2_GUI_Fidelity_R1_AssemblyWholeSurface_CUMULATIVE_on_e22fafb_20260921.patch","True","140943","5030C6919A35ECD4171F0A948F509FAE31270873A1318A1A52C7AAB9EAB9CC03","manifest-only","Local source; inspect license/ownership before redistribution."
"source-reference","C:\Users\1\Desktop\前端冲刺\LCOS_GEN2_GUI_Fidelity_R4_FloatingSurfaces_CUMULATIVE_on_e22fafb_20260921.patch","True","224013","7F741A6D9C9C72731C518C73CB186B0AD91015D216FF4EEB0B870D8E4873AB66","manifest-only","Local source; inspect license/ownership before redistribution."
"design-reference","C:\Users\1\Desktop\前端冲刺\LCOS_GEN2_GUI_REWORK01_全量返工首包_20260920.zip","True","789017","E424E945E2F9D8F78891F557DAB7D1D54CB58971B19ACBF4AA71C2A76BB69662","manifest-only","Local source; inspect license/ownership before redistribution."
"source-reference","C:\Users\1\Desktop\前端冲刺\LCOS_GEN2_GUI_REWORK02_DonorClearout_PatchPack_20260920.zip","True","400569","467A325A07433BDB2B9CE363BF381B5F3D07E99FCF28B376747D348687D37209","manifest-only","Local source; inspect license/ownership before redistribution."
"source-reference","C:\Users\1\Desktop\前端冲刺\LCOS_GEN2_GUI_STAGE1_Shell_HUD_Navigation_PatchPack_20260919.zip","True","59389","9B1C19135ADD6B5A35569D8C01D9C287DF59F612A8701F64648B4764F1A3C031","manifest-only","Local source; inspect license/ownership before redistribution."
"source-reference","C:\Users\1\Desktop\前端冲刺\LCOS_GEN2_GUI_STAGE10B_OreoControls_on_STAGE10A_20260920.patch","True","27605","43B1618925D9998610E92757A16554D2B5ADBBDC32724FF42A6A4EF9CBB236E6","manifest-only","Local source; inspect license/ownership before redistribution."
"source-reference","C:\Users\1\Desktop\前端冲刺\LCOS_GEN2_GUI_STAGE10C_ReaderFeedback_on_STAGE10B_20260920.patch","True","21680","8C4A137261A096A8CAB736379EA6D3F3B212F58E1B9DE750284689F4C68BBE07","manifest-only","Local source; inspect license/ownership before redistribution."
"source-reference","C:\Users\1\Desktop\前端冲刺\LCOS_GEN2_GUI_STAGE10D_Reader_Window_Fidelity_on_STAGE10C_20260920.patch","True","12222","BDC24CABA0366E48BF32406D958F3A9E51B6397CFB23F0E762BDF623ED579D09","manifest-only","Local source; inspect license/ownership before redistribution."
"source-reference","C:\Users\1\Desktop\前端冲刺\LCOS_GEN2_GUI_STAGE2_Arc_Composer_NodePresentation_PatchPack_20260919.zip","True","125647","A4C370D8907EA6F58E6E22BE5BF90F496E96CD70490DE280F2F2B8BACB931F87","manifest-only","Local source; inspect license/ownership before redistribution."
"source-reference","C:\Users\1\Desktop\前端冲刺\LCOS_GEN2_GUI_STAGE3_Reader_Assembly_Conversation_802b7a5_20260919.patch","True","53244","05BC4358CA3D9743BA14527DC553F4F0D249625AA106F9ED36A09C71755165F5","manifest-only","Local source; inspect license/ownership before redistribution."
"source-reference","C:\Users\1\Desktop\前端冲刺\LCOS_GEN2_GUI_STAGE4_Context_Workflow_AggressiveDonor_PatchPack_20260920.zip","True","96363","8B15D2DB446037F2E5A42B0A9B119E1A89E39D1A9D823ECB816ABBF44C0AAC11","manifest-only","Local source; inspect license/ownership before redistribution."
"source-reference","C:\Users\1\Desktop\前端冲刺\LCOS_GEN2_GUI_STAGE5_Context_Workflow_DeepFidelity_PatchPack_20260920.zip","True","594619","BA5468AC35076D4A448E67C0F5AF2B7A323B0B9C8B201B29708C42FE0DD3E77D","manifest-only","Local source; inspect license/ownership before redistribution."
"source-reference","C:\Users\1\Desktop\前端冲刺\LCOS_GEN2_GUI_STAGE6_RuntimePresentation_PatchPack_20260920.zip","True","658332","9F61A2F45511B484C35F45CF20F7EBA58F7C40BB933A4A2E712867800B5118B6","manifest-only","Local source; inspect license/ownership before redistribution."
"source-reference","C:\Users\1\Desktop\前端冲刺\LCOS_GEN2_GUI_STAGE7_Curtain_Presence_Search_on_STAGE6_20260920.patch","True","84785","9C93EB3F4B6FFA162A8CCD39C8A97B637436E5BB90806921DC2C5F9127641F75","manifest-only","Local source; inspect license/ownership before redistribution."
"source-reference","C:\Users\1\Desktop\前端冲刺\LCOS_GEN2_GUI_STAGE8_Atlas_FidelityClosure_on_STAGE7_20260920.patch","True","59065","F2CAF4417202EAB21B28B25DCE1B40A3A82AB55798225330A37BF8D4BCCFF50A","manifest-only","Local source; inspect license/ownership before redistribution."
"source-reference","C:\Users\1\Desktop\前端冲刺\LCOS_GEN2_Pass4_HUD_Locator_MiniMap_INCREMENTAL_FROM_PASS3_20260920.patch","True","36043","B596072ACC0B3A6D4812E566D3C0C95FF4A1856BAC1FB28780383F8E37C8A304","manifest-only","Local source; inspect license/ownership before redistribution."
"source-reference","C:\Users\1\Desktop\前端冲刺\LCOS_Gen2_R1-R3_UX地基源码级施工总指引_20260915.md","True","28838","D4BD506BC519474F2E372A569660E1EE73EE6B2F71CE424B2D091F430DE20F64","manifest-only","Local source; inspect license/ownership before redistribution."
"design-reference","C:\Users\1\Desktop\前端冲刺\LCOS_Gen2_R1-R6_x_T1-T7_CurrentSource审查报告_第一轮_20260919.md","True","11675","4067DC9EA4FD3EFE1AE249A2DC2A118D7118C2DFAC2428CDB658C70F0629AE9C","manifest-only","Local source; inspect license/ownership before redistribution."
"design-reference","C:\Users\1\Desktop\前端冲刺\LCOS_Gen2_R5_Glyth_ConversationSession_UX产品化设计施工规范_20260917.md","True","52576","BE7112B8C84DDA79D1E329E689F9EE216744A5837EB2A30F123C176966BDDB3B","manifest-only","Local source; inspect license/ownership before redistribution."
"source-reference","C:\Users\1\Desktop\前端冲刺\LCOS_Gen2_R5_honest_state_safety_patch_20260917.patch","True","8854","1DCB513D1EE3E2DA9E6DA0842A2B65796F7522E69511F3F08D25680CE3210F80","manifest-only","Local source; inspect license/ownership before redistribution."
"design-reference","C:\Users\1\Desktop\前端冲刺\LCOS_Gen2_T5_ContextWorkflow交互专项_前端施工正本_V3_20260910.md","True","12795","D73004AC2E59ECA12E7373B848CE84456F8DE90175DF42273234EE12CDE987FA","manifest-only","Local source; inspect license/ownership before redistribution."
"design-reference","C:\Users\1\Desktop\前端冲刺\LCOS_GEN2_Trae_并行非Figma施工提示词_20260914.md","True","8340","2858F9329FF204D211CE96B80D35449A7BFA33D30F54DC4C5F83F434E61123A2","manifest-only","Local source; inspect license/ownership before redistribution."
"design-reference","C:\Users\1\Desktop\前端冲刺\LCOS_GEN2_TRUE_DELTA_MERGE_VALIDATION_20260922.md","True","3387","C979363186571CB3AEB2F7F390302AED2EF3BC6820BCC681284AF700DC84167F","manifest-only","Local source; inspect license/ownership before redistribution."
"source-reference","C:\Users\1\Desktop\前端冲刺\LCOS_GEN2_TRUE_DELTA_R4_COMBINED_ADAPTED_on_769022e_20260922.patch","True","137658","8957BAEF278A02AE728509674756762995037564BF0ACED497601D9945F44CB5","manifest-only","Local source; inspect license/ownership before redistribution."
"design-reference","C:\Users\1\Desktop\前端冲刺\LCOS_Gen2_UX_Infra备份.zip","True","55884","097BBEB0BE2A81FE2FC1B8BC054A3098A129B18435E9DB03EE68D40876987BAC","manifest-only","Local source; inspect license/ownership before redistribution."
"design-reference","C:\Users\1\Desktop\前端冲刺\LCOS_Gen2_UXInfra_IntegrationStack_v2_20260918.zip","True","18793","C4A03B33A6CEED494904D9C462AC44A127A9DD2ADDDDCFC40C54CDF31048528A","manifest-only","Local source; inspect license/ownership before redistribution."
"source-reference","C:\Users\1\Desktop\前端冲刺\LCOS_GEN2_Wave5_Stage3_ADAPTED_20260919.patch","True","94375","2DBE1626F6C6A39D2679A32AA9E83227085C62ECC6E4879CFA814E51BED26564","manifest-only","Local source; inspect license/ownership before redistribution."
"prototype","C:\Users\1\Desktop\前端冲刺\LCOS_GlobalHUD_Navigator_ContextWorkflow_Prototype_V2_ThreeVideoIntegrated_20260910.html","True","54362","C0D803BB8A88DF1137C8E2D92032114E0FBE1A457BFD896A13929E7FDD924B75","archived-if-owned","Local source; inspect license/ownership before redistribution."
"prototype","C:\Users\1\Desktop\前端冲刺\LCOS_Prototype_概念Demo重要声明_20260910.md","True","5934","33C4E84EA53CDA3491A3EDD047C8A114115B77810D0325762CEB52BBEA427375","archived-if-owned","Local source; inspect license/ownership before redistribution."
"design-reference","C:\Users\1\Desktop\前端冲刺\LCOS_T5_前期单阶段连续施工产出归档_去实测图_20260909.zip","True","6818373","74F41B9CD1D788769B42CABF9567346F822FF2045208A32A5E22A7EC896DBF16","manifest-only","Local source; inspect license/ownership before redistribution."
"design-reference","C:\Users\1\Desktop\前端冲刺\LCOS_T5_ContextWorkflow交互专项_作业MD_20260910.md","True","7240","4EDCB1BB18F5C897E1277B76C6F779A897E705766A394E4A4F42A591125243E7","manifest-only","Local source; inspect license/ownership before redistribution."
"design-reference","C:\Users\1\Desktop\前端冲刺\LCOS_T5_R1_R2_整体产出_去实测图_20260909.zip","True","620544","063E2C206B03CAB6C9E9031F59519D58558D917A6F2B857B9731F61D2D1BD219","manifest-only","Local source; inspect license/ownership before redistribution."
"figma","https://www.figma.com/design/nFUdroLvI5qJZuYTW8h2rF/","True","0","","link-only","LCOS / Oreo working design file; node ids are documented in design history."
"web-donor","https://www.figma.com/community/file/1622199838856388959/oreo-agentic-ui-library-free-version","True","0","","link-only","Oreo Agentic UI Library free Community source."
"web-donor","https://pidanai.com/#abou","True","0","","link-only","Visual/motion reference requested during design review."
